Category,Score,Process
"('EF v3.1 no LT', 'acidification no LT', 'accumulated exceedance (AE) no LT')",0.034121221503517214,"electricity production, hard coal"
"('EF v3.1 no LT', 'acidification no LT', 'accumulated exceedance (AE) no LT')",0.03335198313207663,"electricity production, lignite"
"('EF v3.1 no LT', 'acidification no LT', 'accumulated exceedance (AE) no LT')",0.03162568203855808,"heat and power co-generation, hard coal"
"('EF v3.1 no LT', 'acidification no LT', 'accumulated exceedance (AE) no LT')",0.022002133315962666,"transport, freight, sea, tanker for petroleum"
"('EF v3.1 no LT', 'acidification no LT', 'accumulated exceedance (AE) no LT')",0.02186346424921457,"electricity production, lignite"
"('EF v3.1 no LT', 'acidification no LT', 'accumulated exceedance (AE) no LT')",0.02175962635790399,"heavy fuel oil production, petroleum refinery operation"
"('EF v3.1 no LT', 'acidification no LT', 'accumulated exceedance (AE) no LT')",0.018976993394267786,"heat and power co-generation, lignite"
"('EF v3.1 no LT', 'acidification no LT', 'accumulated exceedance (AE) no LT')",0.009945120051911225,"treatment of waste gypsum, sanitary landfill"
"('EF v3.1 no LT', 'acidification no LT', 'accumulated exceedance (AE) no LT')",0.009436929204132503,"transport, freight, sea, bulk carrier for dry goods"
"('EF v3.1 no LT', 'acidification no LT', 'accumulated exceedance (AE) no LT')",0.008651355556616516,"smelting of copper concentrate, sulfide ore"
"('EF v3.1 no LT', 'climate change no LT', 'global warming potential (GWP100) no LT')",13.40637067020141,natural gas venting from petroleum/natural gas production
"('EF v3.1 no LT', 'climate change no LT', 'global warming potential (GWP100) no LT')",6.610632697923045,"electricity production, lignite"
"('EF v3.1 no LT', 'climate change no LT', 'global warming potential (GWP100) no LT')",4.206267474035687,"heat and power co-generation, hard coal"
"('EF v3.1 no LT', 'climate change no LT', 'global warming potential (GWP100) no LT')",3.5520413410905793,"sweet gas, burned in gas turbine"
"('EF v3.1 no LT', 'climate change no LT', 'global warming potential (GWP100) no LT')",2.9428465426656985,"heavy fuel oil production, petroleum refinery operation"
"('EF v3.1 no LT', 'climate change no LT', 'global warming potential (GWP100) no LT')",2.8177931423897964,"electricity production, natural gas, conventional power plant"
"('EF v3.1 no LT', 'climate change no LT', 'global warming potential (GWP100) no LT')",2.7895953382566145,"electricity production, hard coal"
"('EF v3.1 no LT', 'climate change no LT', 'global warming potential (GWP100) no LT')",2.55952784937425,"heat and power co-generation, lignite"
"('EF v3.1 no LT', 'climate change no LT', 'global warming potential (GWP100) no LT')",2.4709835671450726,"treatment of waste natural gas, sweet, burned in production flare"
"('EF v3.1 no LT', 'climate change no LT', 'global warming potential (GWP100) no LT')",1.958374897738073,"electricity production, lignite"
"('EF v3.1 no LT', 'climate change: biogenic no LT', 'global warming potential (GWP100) no LT')",0.08251778611463019,anaerobic digestion of manure
"('EF v3.1 no LT', 'climate change: biogenic no LT', 'global warming potential (GWP100) no LT')",0.010520424463378501,"heat and power co-generation, biogas, gas engine"
"('EF v3.1 no LT', 'climate change: biogenic no LT', 'global warming potential (GWP100) no LT')",0.005484503099268292,"electricity production, hydro, reservoir, non-alpine region"
"('EF v3.1 no LT', 'climate change: biogenic no LT', 'global warming potential (GWP100) no LT')",0.005040497411005037,"electricity production, hydro, reservoir, non-alpine region"
"('EF v3.1 no LT', 'climate change: biogenic no LT', 'global warming potential (GWP100) no LT')",0.0045886008880937175,"treatment of municipal solid waste, unsanitary landfill, wet infiltration class (500mm)"
"('EF v3.1 no LT', 'climate change: biogenic no LT', 'global warming potential (GWP100) no LT')",0.0038488274336422345,"heat and power co-generation, biogas, gas engine"
"('EF v3.1 no LT', 'climate change: biogenic no LT', 'global warming potential (GWP100) no LT')",0.0038176474376935138,"electricity production, hydro, reservoir, non-alpine region"
"('EF v3.1 no LT', 'climate change: biogenic no LT', 'global warming potential (GWP100) no LT')",0.0036597859789477285,"electricity production, hydro, reservoir, alpine region"
"('EF v3.1 no LT', 'climate change: biogenic no LT', 'global warming potential (GWP100) no LT')",0.002783848121700105,"treatment of municipal solid waste, open dump, wet infiltration class (500mm)"
"('EF v3.1 no LT', 'climate change: biogenic no LT', 'global warming potential (GWP100) no LT')",0.002476789327296681,"electricity production, hydro, pumped storage"
"('EF v3.1 no LT', 'climate change: fossil no LT', 'global warming potential (GWP100) no LT')",13.40637067020141,natural gas venting from petroleum/natural gas production
"('EF v3.1 no LT', 'climate change: fossil no LT', 'global warming potential (GWP100) no LT')",6.610632697923045,"electricity production, lignite"
"('EF v3.1 no LT', 'climate change: fossil no LT', 'global warming potential (GWP100) no LT')",4.206267474035687,"heat and power co-generation, hard coal"
"('EF v3.1 no LT', 'climate change: fossil no LT', 'global warming potential (GWP100) no LT')",3.5520413410905793,"sweet gas, burned in gas turbine"
"('EF v3.1 no LT', 'climate change: fossil no LT', 'global warming potential (GWP100) no LT')",2.9428465426656985,"heavy fuel oil production, petroleum refinery operation"
"('EF v3.1 no LT', 'climate change: fossil no LT', 'global warming potential (GWP100) no LT')",2.8177931423897964,"electricity production, natural gas, conventional power plant"
"('EF v3.1 no LT', 'climate change: fossil no LT', 'global warming potential (GWP100) no LT')",2.7895953382566145,"electricity production, hard coal"
"('EF v3.1 no LT', 'climate change: fossil no LT', 'global warming potential (GWP100) no LT')",2.55952784937425,"heat and power co-generation, lignite"
"('EF v3.1 no LT', 'climate change: fossil no LT', 'global warming potential (GWP100) no LT')",2.4709835671450726,"treatment of waste natural gas, sweet, burned in production flare"
"('EF v3.1 no LT', 'climate change: fossil no LT', 'global warming potential (GWP100) no LT')",1.958374897738073,"electricity production, lignite"
"('EF v3.1 no LT', 'climate change: land use and land use change no LT', 'global warming potential (GWP100) no LT')",0.03883362911443657,"electricity production, hydro, reservoir, non-alpine region"
"('EF v3.1 no LT', 'climate change: land use and land use change no LT', 'global warming potential (GWP100) no LT')",0.035689797866530856,"electricity production, hydro, reservoir, non-alpine region"
"('EF v3.1 no LT', 'climate change: land use and land use change no LT', 'global warming potential (GWP100) no LT')",0.027031273754745077,"electricity production, hydro, reservoir, non-alpine region"
"('EF v3.1 no LT', 'climate change: land use and land use change no LT', 'global warming potential (GWP100) no LT')",0.017537180012473008,"electricity production, hydro, pumped storage"
"('EF v3.1 no LT', 'climate change: land use and land use change no LT', 'global warming potential (GWP100) no LT')",0.01138035539050965,"electricity production, hydro, reservoir, non-alpine region"
"('EF v3.1 no LT', 'climate change: land use and land use change no LT', 'global warming potential (GWP100) no LT')",0.009646361485555534,"electricity production, hydro, reservoir, non-alpine region"
"('EF v3.1 no LT', 'climate change: land use and land use change no LT', 'global warming potential (GWP100) no LT')",0.009398389167153465,"electricity production, hydro, pumped storage"
"('EF v3.1 no LT', 'climate change: land use and land use change no LT', 'global warming potential (GWP100) no LT')",0.007805913680218067,"electricity production, hydro, reservoir, non-alpine region"
"('EF v3.1 no LT', 'climate change: land use and land use change no LT', 'global warming potential (GWP100) no LT')",0.00430053802308898,"electricity production, hydro, pumped storage"
"('EF v3.1 no LT', 'climate change: land use and land use change no LT', 'global warming potential (GWP100) no LT')",0.003730652850017821,"electricity production, hydro, pumped storage"
"('EF v3.1 no LT', 'ecotoxicity: freshwater no LT', 'comparative toxic unit for ecosystems (CTUe) no LT')",67.10435428734023,coke production
"('EF v3.1 no LT', 'ecotoxicity: freshwater no LT', 'comparative toxic unit for ecosystems (CTUe) no LT')",65.27210098169547,lignite mine operation
"('EF v3.1 no LT', 'ecotoxicity: freshwater no LT', 'comparative toxic unit for ecosystems (CTUe) no LT')",24.661475967110768,"treatment of water discharge from petroleum/natural gas extraction, onshore"
"('EF v3.1 no LT', 'ecotoxicity: freshwater no LT', 'comparative toxic unit for ecosystems (CTUe) no LT')",17.847566235660185,"wood preservation, pressure vessel, creosote, outdoor use, ground contact"
"('EF v3.1 no LT', 'ecotoxicity: freshwater no LT', 'comparative toxic unit for ecosystems (CTUe) no LT')",10.786889545052713,"coke production, wet quenching"
"('EF v3.1 no LT', 'ecotoxicity: freshwater no LT', 'comparative toxic unit for ecosystems (CTUe) no LT')",9.248745020407762,"treatment of drilling waste, landfarming"
"('EF v3.1 no LT', 'ecotoxicity: freshwater no LT', 'comparative toxic unit for ecosystems (CTUe) no LT')",8.971013606517332,ammonium sulfate production
"('EF v3.1 no LT', 'ecotoxicity: freshwater no LT', 'comparative toxic unit for ecosystems (CTUe) no LT')",8.398929603690135,hard coal mine operation and hard coal preparation
"('EF v3.1 no LT', 'ecotoxicity: freshwater no LT', 'comparative toxic unit for ecosystems (CTUe) no LT')",8.221509452004376,hard coal mine operation and hard coal preparation
"('EF v3.1 no LT', 'ecotoxicity: freshwater no LT', 'comparative toxic unit for ecosystems (CTUe) no LT')",6.137706911341687,"treatment of sulfidic tailings, from copper mine operation, tailings impoundment"
"('EF v3.1 no LT', 'ecotoxicity: freshwater, inorganics no LT', 'comparative toxic unit for ecosystems (CTUe) no LT')",65.27067985562554,lignite mine operation
"('EF v3.1 no LT', 'ecotoxicity: freshwater, inorganics no LT', 'comparative toxic unit for ecosystems (CTUe) no LT')",21.788220368569846,"treatment of water discharge from petroleum/natural gas extraction, onshore"
"('EF v3.1 no LT', 'ecotoxicity: freshwater, inorganics no LT', 'comparative toxic unit for ecosystems (CTUe) no LT')",10.776218900747287,"coke production, wet quenching"
"('EF v3.1 no LT', 'ecotoxicity: freshwater, inorganics no LT', 'comparative toxic unit for ecosystems (CTUe) no LT')",9.248745020407762,"treatment of drilling waste, landfarming"
"('EF v3.1 no LT', 'ecotoxicity: freshwater, inorganics no LT', 'comparative toxic unit for ecosystems (CTUe) no LT')",8.970784792581217,ammonium sulfate production
"('EF v3.1 no LT', 'ecotoxicity: freshwater, inorganics no LT', 'comparative toxic unit for ecosystems (CTUe) no LT')",8.392616052176633,hard coal mine operation and hard coal preparation
"('EF v3.1 no LT', 'ecotoxicity: freshwater, inorganics no LT', 'comparative toxic unit for ecosystems (CTUe) no LT')",8.2129100947359,hard coal mine operation and hard coal preparation
"('EF v3.1 no LT', 'ecotoxicity: freshwater, inorganics no LT', 'comparative toxic unit for ecosystems (CTUe) no LT')",7.279640913625248,coke production
"('EF v3.1 no LT', 'ecotoxicity: freshwater, inorganics no LT', 'comparative toxic unit for ecosystems (CTUe) no LT')",6.137706911341687,"treatment of sulfidic tailings, from copper mine operation, tailings impoundment"
"('EF v3.1 no LT', 'ecotoxicity: freshwater, inorganics no LT', 'comparative toxic unit for ecosystems (CTUe) no LT')",5.862128431272211,"treatment of sulfidic tailings, from zinc-lead mine operation, tailings impoundment"
"('EF v3.1 no LT', 'ecotoxicity: freshwater, organics no LT', 'comparative toxic unit for ecosystems (CTUe) no LT')",59.82471337371498,coke production
"('EF v3.1 no LT', 'ecotoxicity: freshwater, organics no LT', 'comparative toxic unit for ecosystems (CTUe) no LT')",17.847566235660185,"wood preservation, pressure vessel, creosote, outdoor use, ground contact"
"('EF v3.1 no LT', 'ecotoxicity: freshwater, organics no LT', 'comparative toxic unit for ecosystems (CTUe) no LT')",5.216325274012213,"wood preservation, pressure vessel, creosote, outdoor use, ground contact"
"('EF v3.1 no LT', 'ecotoxicity: freshwater, organics no LT', 'comparative toxic unit for ecosystems (CTUe) no LT')",3.705659604241884,coke production
"('EF v3.1 no LT', 'ecotoxicity: freshwater, organics no LT', 'comparative toxic unit for ecosystems (CTUe) no LT')",2.8732555985409185,"treatment of water discharge from petroleum/natural gas extraction, onshore"
"('EF v3.1 no LT', 'ecotoxicity: freshwater, organics no LT', 'comparative toxic unit for ecosystems (CTUe) no LT')",1.8758413650627943,soybean production
"('EF v3.1 no LT', 'ecotoxicity: freshwater, organics no LT', 'comparative toxic unit for ecosystems (CTUe) no LT')",1.7512376725329535,natural gas venting from petroleum/natural gas production
"('EF v3.1 no LT', 'ecotoxicity: freshwater, organics no LT', 'comparative toxic unit for ecosystems (CTUe) no LT')",1.2869679001349716,coke production
"('EF v3.1 no LT', 'ecotoxicity: freshwater, organics no LT', 'comparative toxic unit for ecosystems (CTUe) no LT')",0.5016847413642314,coke production
"('EF v3.1 no LT', 'ecotoxicity: freshwater, organics no LT', 'comparative toxic unit for ecosystems (CTUe) no LT')",0.33028579844241,"bisphenol A production, powder"
"('EF v3.1 no LT', 'energy resources: non-renewable no LT', 'abiotic depletion potential (ADP): fossil fuels no LT')",288.5187661879798,"uranium production, in yellowcake, in-situ leaching"
"('EF v3.1 no LT', 'energy resources: non-renewable no LT', 'abiotic depletion potential (ADP): fossil fuels no LT')",288.36161371177246,"petroleum and gas production, onshore"
"('EF v3.1 no LT', 'energy resources: non-renewable no LT', 'abiotic depletion potential (ADP): fossil fuels no LT')",182.0597214534541,lignite mine operation
"('EF v3.1 no LT', 'energy resources: non-renewable no LT', 'abiotic depletion potential (ADP): fossil fuels no LT')",180.48931726072965,"petroleum and gas production, offshore"
"('EF v3.1 no LT', 'energy resources: non-renewable no LT', 'abiotic depletion potential (ADP): fossil fuels no LT')",168.6687621283594,"uranium mine operation, underground"
"('EF v3.1 no LT', 'energy resources: non-renewable no LT', 'abiotic depletion potential (ADP): fossil fuels no LT')",159.2221766221138,"uranium mine operation, underground"
"('EF v3.1 no LT', 'energy resources: non-renewable no LT', 'abiotic depletion potential (ADP): fossil fuels no LT')",121.35380906530851,"petroleum and gas production, onshore"
"('EF v3.1 no LT', 'energy resources: non-renewable no LT', 'abiotic depletion potential (ADP): fossil fuels no LT')",120.4719639623653,"petroleum and gas production, onshore"
"('EF v3.1 no LT', 'energy resources: non-renewable no LT', 'abiotic depletion potential (ADP): fossil fuels no LT')",100.9108648460952,"petroleum and gas production, onshore"
"('EF v3.1 no LT', 'energy resources: non-renewable no LT', 'abiotic depletion potential (ADP): fossil fuels no LT')",91.56976553507445,"petroleum and gas production, onshore"
"('EF v3.1 no LT', 'eutrophication: freshwater no LT', 'fraction of nutrients reaching freshwater end compartment (P) no LT')",0.004899725737752768,"treatment of spoil from lignite mining, in surface landfill"
"('EF v3.1 no LT', 'eutrophication: freshwater no LT', 'fraction of nutrients reaching freshwater end compartment (P) no LT')",0.0011362239864405237,"treatment of spoil from hard coal mining, in surface landfill"
"('EF v3.1 no LT', 'eutrophication: freshwater no LT', 'fraction of nutrients reaching freshwater end compartment (P) no LT')",5.4426947237305686e-05,market for wastewater from vegetable oil refinery
"('EF v3.1 no LT', 'eutrophication: freshwater no LT', 'fraction of nutrients reaching freshwater end compartment (P) no LT')",4.0296990736358636e-05,"market for wastewater, average"
"('EF v3.1 no LT', 'eutrophication: freshwater no LT', 'fraction of nutrients reaching freshwater end compartment (P) no LT')",2.570556592737001e-05,"treatment of sulfidic tailings, from copper mine operation, tailings impoundment"
"('EF v3.1 no LT', 'eutrophication: freshwater no LT', 'fraction of nutrients reaching freshwater end compartment (P) no LT')",1.9243764963152455e-05,"treatment of sulfidic tailings, from copper mine operation, tailings impoundment"
"('EF v3.1 no LT', 'eutrophication: freshwater no LT', 'fraction of nutrients reaching freshwater end compartment (P) no LT')",1.651462394323662e-05,"treatment of sulfidic tailings, from copper mine operation, tailings impoundment"
"('EF v3.1 no LT', 'eutrophication: freshwater no LT', 'fraction of nutrients reaching freshwater end compartment (P) no LT')",1.5436114580851168e-05,"treatment of sulfidic tailings, from copper mine operation, tailings impoundment"
"('EF v3.1 no LT', 'eutrophication: freshwater no LT', 'fraction of nutrients reaching freshwater end compartment (P) no LT')",1.2243577787325874e-05,"treatment of wastewater from vegetable oil refinery, wastewater treatment"
"('EF v3.1 no LT', 'eutrophication: freshwater no LT', 'fraction of nutrients reaching freshwater end compartment (P) no LT')",1.07692102583143e-05,"treatment of sulfidic tailings, from gold mine operation, tailings impoundment"
"('EF v3.1 no LT', 'eutrophication: marine no LT', 'fraction of nutrients reaching marine end compartment (N) no LT')",0.0052484354441512835,"transport, freight, sea, tanker for petroleum"
"('EF v3.1 no LT', 'eutrophication: marine no LT', 'fraction of nutrients reaching marine end compartment (N) no LT')",0.004553941805419404,"electricity production, hard coal"
"('EF v3.1 no LT', 'eutrophication: marine no LT', 'fraction of nutrients reaching marine end compartment (N) no LT')",0.0032537740945478254,"diesel, burned in building machine"
"('EF v3.1 no LT', 'eutrophication: marine no LT', 'fraction of nutrients reaching marine end compartment (N) no LT')",0.003038321088441747,"heat and power co-generation, hard coal"
"('EF v3.1 no LT', 'eutrophication: marine no LT', 'fraction of nutrients reaching marine end compartment (N) no LT')",0.002163965491107566,"transport, freight, sea, bulk carrier for dry goods"
"('EF v3.1 no LT', 'eutrophication: marine no LT', 'fraction of nutrients reaching marine end compartment (N) no LT')",0.001756348258315192,blasting
"('EF v3.1 no LT', 'eutrophication: marine no LT', 'fraction of nutrients reaching marine end compartment (N) no LT')",0.0016909150116343058,"electricity production, lignite"
"('EF v3.1 no LT', 'eutrophication: marine no LT', 'fraction of nutrients reaching marine end compartment (N) no LT')",0.0013443772344790487,"heat and power co-generation, lignite"
"('EF v3.1 no LT', 'eutrophication: marine no LT', 'fraction of nutrients reaching marine end compartment (N) no LT')",0.0013240709225044516,"electricity production, lignite"
"('EF v3.1 no LT', 'eutrophication: marine no LT', 'fraction of nutrients reaching marine end compartment (N) no LT')",0.0012237156749637802,"heavy fuel oil production, petroleum refinery operation"
"('EF v3.1 no LT', 'eutrophication: terrestrial no LT', 'accumulated exceedance (AE) no LT')",0.058510635109259114,"transport, freight, sea, tanker for petroleum"
"('EF v3.1 no LT', 'eutrophication: terrestrial no LT', 'accumulated exceedance (AE) no LT')",0.049870933688283194,"electricity production, hard coal"
"('EF v3.1 no LT', 'eutrophication: terrestrial no LT', 'accumulated exceedance (AE) no LT')",0.03567985044023922,"diesel, burned in building machine"
"('EF v3.1 no LT', 'eutrophication: terrestrial no LT', 'accumulated exceedance (AE) no LT')",0.03327313259582506,"heat and power co-generation, hard coal"
"('EF v3.1 no LT', 'eutrophication: terrestrial no LT', 'accumulated exceedance (AE) no LT')",0.02885808056786998,blasting
"('EF v3.1 no LT', 'eutrophication: terrestrial no LT', 'accumulated exceedance (AE) no LT')",0.024148790920946305,"transport, freight, sea, bulk carrier for dry goods"
"('EF v3.1 no LT', 'eutrophication: terrestrial no LT', 'accumulated exceedance (AE) no LT')",0.01851747651175151,"electricity production, lignite"
"('EF v3.1 no LT', 'eutrophication: terrestrial no LT', 'accumulated exceedance (AE) no LT')",0.01472248675487137,"heat and power co-generation, lignite"
"('EF v3.1 no LT', 'eutrophication: terrestrial no LT', 'accumulated exceedance (AE) no LT')",0.014539462073940381,blasting
"('EF v3.1 no LT', 'eutrophication: terrestrial no LT', 'accumulated exceedance (AE) no LT')",0.014500109135391568,"electricity production, lignite"
"('EF v3.1 no LT', 'human toxicity: carcinogenic no LT', 'comparative toxic unit for human (CTUh) no LT')",2.635551821739491e-07,coke production
"('EF v3.1 no LT', 'human toxicity: carcinogenic no LT', 'comparative toxic unit for human (CTUh) no LT')",1.63251227930162e-08,coke production
"('EF v3.1 no LT', 'human toxicity: carcinogenic no LT', 'comparative toxic unit for human (CTUh) no LT')",5.66968131166788e-09,coke production
"('EF v3.1 no LT', 'human toxicity: carcinogenic no LT', 'comparative toxic unit for human (CTUh) no LT')",2.2101503864874182e-09,coke production
"('EF v3.1 no LT', 'human toxicity: carcinogenic no LT', 'comparative toxic unit for human (CTUh) no LT')",2.011008829285767e-09,"treatment of lignite ash, opencast refill"
"('EF v3.1 no LT', 'human toxicity: carcinogenic no LT', 'comparative toxic unit for human (CTUh) no LT')",1.2691397891905253e-09,"chlor-alkali electrolysis, membrane cell"
"('EF v3.1 no LT', 'human toxicity: carcinogenic no LT', 'comparative toxic unit for human (CTUh) no LT')",1.228717394650712e-09,"smelting of copper concentrate, sulfide ore"
"('EF v3.1 no LT', 'human toxicity: carcinogenic no LT', 'comparative toxic unit for human (CTUh) no LT')",1.224771663564697e-09,"wood preservation, pressure vessel, creosote, outdoor use, ground contact"
"('EF v3.1 no LT', 'human toxicity: carcinogenic no LT', 'comparative toxic unit for human (CTUh) no LT')",1.2081831059708986e-09,"smelting of copper concentrate, sulfide ore"
"('EF v3.1 no LT', 'human toxicity: carcinogenic no LT', 'comparative toxic unit for human (CTUh) no LT')",1.1485729958110048e-09,"hard coal, import from ZA"
"('EF v3.1 no LT', 'human toxicity: carcinogenic, inorganics no LT', 'comparative toxic unit for human (CTUh) no LT')",2.011008829285767e-09,"treatment of lignite ash, opencast refill"
"('EF v3.1 no LT', 'human toxicity: carcinogenic, inorganics no LT', 'comparative toxic unit for human (CTUh) no LT')",1.2278504914237831e-09,"smelting of copper concentrate, sulfide ore"
"('EF v3.1 no LT', 'human toxicity: carcinogenic, inorganics no LT', 'comparative toxic unit for human (CTUh) no LT')",1.2073306904020249e-09,"smelting of copper concentrate, sulfide ore"
"('EF v3.1 no LT', 'human toxicity: carcinogenic, inorganics no LT', 'comparative toxic unit for human (CTUh) no LT')",1.1485729958110048e-09,"hard coal, import from ZA"
"('EF v3.1 no LT', 'human toxicity: carcinogenic, inorganics no LT', 'comparative toxic unit for human (CTUh) no LT')",6.516475795438503e-10,"treatment of electric arc furnace slag, residual material landfill"
"('EF v3.1 no LT', 'human toxicity: carcinogenic, inorganics no LT', 'comparative toxic unit for human (CTUh) no LT')",5.097349183186345e-10,"heavy fuel oil production, petroleum refinery operation"
"('EF v3.1 no LT', 'human toxicity: carcinogenic, inorganics no LT', 'comparative toxic unit for human (CTUh) no LT')",3.665195135038098e-10,"heat and power co-generation, lignite"
"('EF v3.1 no LT', 'human toxicity: carcinogenic, inorganics no LT', 'comparative toxic unit for human (CTUh) no LT')",3.0048715429102226e-10,"sodium chlorate production, powder"
"('EF v3.1 no LT', 'human toxicity: carcinogenic, inorganics no LT', 'comparative toxic unit for human (CTUh) no LT')",2.9302567735190934e-10,zinc mine operation
"('EF v3.1 no LT', 'human toxicity: carcinogenic, inorganics no LT', 'comparative toxic unit for human (CTUh) no LT')",2.41293537684187e-10,"smelting of copper concentrate, sulfide ore"
"('EF v3.1 no LT', 'human toxicity: carcinogenic, organics no LT', 'comparative toxic unit for human (CTUh) no LT')",2.6355491137899936e-07,coke production
"('EF v3.1 no LT', 'human toxicity: carcinogenic, organics no LT', 'comparative toxic unit for human (CTUh) no LT')",1.632510601944965e-08,coke production
"('EF v3.1 no LT', 'human toxicity: carcinogenic, organics no LT', 'comparative toxic unit for human (CTUh) no LT')",5.669675486242516e-09,coke production
"('EF v3.1 no LT', 'human toxicity: carcinogenic, organics no LT', 'comparative toxic unit for human (CTUh) no LT')",2.2101481156250444e-09,coke production
"('EF v3.1 no LT', 'human toxicity: carcinogenic, organics no LT', 'comparative toxic unit for human (CTUh) no LT')",1.269109771342261e-09,"chlor-alkali electrolysis, membrane cell"
"('EF v3.1 no LT', 'human toxicity: carcinogenic, organics no LT', 'comparative toxic unit for human (CTUh) no LT')",1.224771663564697e-09,"wood preservation, pressure vessel, creosote, outdoor use, ground contact"
"('EF v3.1 no LT', 'human toxicity: carcinogenic, organics no LT', 'comparative toxic unit for human (CTUh) no LT')",1.0886273745549539e-09,coke production
"('EF v3.1 no LT', 'human toxicity: carcinogenic, organics no LT', 'comparative toxic unit for human (CTUh) no LT')",8.486189867038653e-10,"chlor-alkali electrolysis, membrane cell"
"('EF v3.1 no LT', 'human toxicity: carcinogenic, organics no LT', 'comparative toxic unit for human (CTUh) no LT')",8.310912894221208e-10,"coke production, wet quenching"
"('EF v3.1 no LT', 'human toxicity: carcinogenic, organics no LT', 'comparative toxic unit for human (CTUh) no LT')",7.161060350986601e-10,"chlor-alkali electrolysis, average production"
"('EF v3.1 no LT', 'human toxicity: non-carcinogenic no LT', 'comparative toxic unit for human (CTUh) no LT')",1.2306204715921488e-07,"smelting of copper concentrate, sulfide ore"
"('EF v3.1 no LT', 'human toxicity: non-carcinogenic no LT', 'comparative toxic unit for human (CTUh) no LT')",1.2100543742441095e-07,"smelting of copper concentrate, sulfide ore"
"('EF v3.1 no LT', 'human toxicity: non-carcinogenic no LT', 'comparative toxic unit for human (CTUh) no LT')",8.507962372166323e-08,"hard coal, import from ZA"
"('EF v3.1 no LT', 'human toxicity: non-carcinogenic no LT', 'comparative toxic unit for human (CTUh) no LT')",6.315994284572593e-08,"treatment of lignite ash, opencast refill"
"('EF v3.1 no LT', 'human toxicity: non-carcinogenic no LT', 'comparative toxic unit for human (CTUh) no LT')",4.1472311790651674e-08,"heat and power co-generation, lignite"
"('EF v3.1 no LT', 'human toxicity: non-carcinogenic no LT', 'comparative toxic unit for human (CTUh) no LT')",2.6240263097947187e-08,"treatment of waste natural gas, sweet, burned in production flare"
"('EF v3.1 no LT', 'human toxicity: non-carcinogenic no LT', 'comparative toxic unit for human (CTUh) no LT')",2.55667619122522e-08,natural gas venting from petroleum/natural gas production
"('EF v3.1 no LT', 'human toxicity: non-carcinogenic no LT', 'comparative toxic unit for human (CTUh) no LT')",2.518797080935046e-08,"heat and power co-generation, hard coal"
"('EF v3.1 no LT', 'human toxicity: non-carcinogenic no LT', 'comparative toxic unit for human (CTUh) no LT')",2.41837888911595e-08,"smelting of copper concentrate, sulfide ore"
"('EF v3.1 no LT', 'human toxicity: non-carcinogenic no LT', 'comparative toxic unit for human (CTUh) no LT')",1.9196478350003727e-08,"sweet gas, burned in gas turbine"
"('EF v3.1 no LT', 'human toxicity: non-carcinogenic, inorganics no LT', 'comparative toxic unit for human (CTUh) no LT')",1.2306204450416994e-07,"smelting of copper concentrate, sulfide ore"
"('EF v3.1 no LT', 'human toxicity: non-carcinogenic, inorganics no LT', 'comparative toxic unit for human (CTUh) no LT')",1.210054348137372e-07,"smelting of copper concentrate, sulfide ore"
"('EF v3.1 no LT', 'human toxicity: non-carcinogenic, inorganics no LT', 'comparative toxic unit for human (CTUh) no LT')",8.507962372166323e-08,"hard coal, import from ZA"
"('EF v3.1 no LT', 'human toxicity: non-carcinogenic, inorganics no LT', 'comparative toxic unit for human (CTUh) no LT')",6.315994284572593e-08,"treatment of lignite ash, opencast refill"
"('EF v3.1 no LT', 'human toxicity: non-carcinogenic, inorganics no LT', 'comparative toxic unit for human (CTUh) no LT')",4.147038058214e-08,"heat and power co-generation, lignite"
"('EF v3.1 no LT', 'human toxicity: non-carcinogenic, inorganics no LT', 'comparative toxic unit for human (CTUh) no LT')",2.6239839121580873e-08,"treatment of waste natural gas, sweet, burned in production flare"
"('EF v3.1 no LT', 'human toxicity: non-carcinogenic, inorganics no LT', 'comparative toxic unit for human (CTUh) no LT')",2.5184388328108688e-08,"heat and power co-generation, hard coal"
"('EF v3.1 no LT', 'human toxicity: non-carcinogenic, inorganics no LT', 'comparative toxic unit for human (CTUh) no LT')",2.4183788369397956e-08,"smelting of copper concentrate, sulfide ore"
"('EF v3.1 no LT', 'human toxicity: non-carcinogenic, inorganics no LT', 'comparative toxic unit for human (CTUh) no LT')",1.9193968261515155e-08,"sweet gas, burned in gas turbine"
"('EF v3.1 no LT', 'human toxicity: non-carcinogenic, inorganics no LT', 'comparative toxic unit for human (CTUh) no LT')",1.8416787070454543e-08,"electricity production, lignite"
"('EF v3.1 no LT', 'human toxicity: non-carcinogenic, organics no LT', 'comparative toxic unit for human (CTUh) no LT')",2.4066411693580565e-08,natural gas venting from petroleum/natural gas production
"('EF v3.1 no LT', 'human toxicity: non-carcinogenic, organics no LT', 'comparative toxic unit for human (CTUh) no LT')",6.0835294625173385e-09,"copper mine operation and beneficiation, sulfide ore"
"('EF v3.1 no LT', 'human toxicity: non-carcinogenic, organics no LT', 'comparative toxic unit for human (CTUh) no LT')",5.7849088751442765e-09,"copper mine operation and beneficiation, sulfide ore"
"('EF v3.1 no LT', 'human toxicity: non-carcinogenic, organics no LT', 'comparative toxic unit for human (CTUh) no LT')",1.8241519220452122e-09,"copper mine operation and beneficiation, sulfide ore"
"('EF v3.1 no LT', 'human toxicity: non-carcinogenic, organics no LT', 'comparative toxic unit for human (CTUh) no LT')",1.564014738837463e-09,"copper mine operation and beneficiation, sulfide ore"
"('EF v3.1 no LT', 'human toxicity: non-carcinogenic, organics no LT', 'comparative toxic unit for human (CTUh) no LT')",1.4672261393056833e-09,molybdenite mine operation
"('EF v3.1 no LT', 'human toxicity: non-carcinogenic, organics no LT', 'comparative toxic unit for human (CTUh) no LT')",1.2332835129752421e-09,"copper mine operation and beneficiation, sulfide ore"
"('EF v3.1 no LT', 'human toxicity: non-carcinogenic, organics no LT', 'comparative toxic unit for human (CTUh) no LT')",1.2168689835889906e-09,"copper mine operation and beneficiation, sulfide ore"
"('EF v3.1 no LT', 'human toxicity: non-carcinogenic, organics no LT', 'comparative toxic unit for human (CTUh) no LT')",9.291809786081785e-10,hard coal mine operation and hard coal preparation
"('EF v3.1 no LT', 'human toxicity: non-carcinogenic, organics no LT', 'comparative toxic unit for human (CTUh) no LT')",9.035922830320994e-10,hard coal mine operation and hard coal preparation
"('EF v3.1 no LT', 'ionising radiation: human health no LT', 'human exposure efficiency relative to u235 no LT')",5.108276023344177,"treatment of spent nuclear fuel, reprocessing"
"('EF v3.1 no LT', 'ionising radiation: human health no LT', 'human exposure efficiency relative to u235 no LT')",2.278360446789811,"treatment of low level radioactive waste, plasma torch incineration"
"('EF v3.1 no LT', 'ionising radiation: human health no LT', 'human exposure efficiency relative to u235 no LT')",1.3399901998633228,"electricity production, nuclear, boiling water reactor"
"('EF v3.1 no LT', 'ionising radiation: human health no LT', 'human exposure efficiency relative to u235 no LT')",1.0678625121574254,"electricity production, nuclear, boiling water reactor"
"('EF v3.1 no LT', 'ionising radiation: human health no LT', 'human exposure efficiency relative to u235 no LT')",0.446912317516052,"electricity production, nuclear, boiling water reactor"
"('EF v3.1 no LT', 'ionising radiation: human health no LT', 'human exposure efficiency relative to u235 no LT')",0.39737945003646363,"electricity production, nuclear, pressure water reactor"
"('EF v3.1 no LT', 'ionising radiation: human health no LT', 'human exposure efficiency relative to u235 no LT')",0.3601872977283722,"electricity production, nuclear, boiling water reactor"
"('EF v3.1 no LT', 'ionising radiation: human health no LT', 'human exposure efficiency relative to u235 no LT')",0.3299567461159094,"uranium mine operation, underground"
"('EF v3.1 no LT', 'ionising radiation: human health no LT', 'human exposure efficiency relative to u235 no LT')",0.3114769483382127,"uranium mine operation, underground"
"('EF v3.1 no LT', 'ionising radiation: human health no LT', 'human exposure efficiency relative to u235 no LT')",0.2387857868232106,"electricity production, nuclear, pressure water reactor"
"('EF v3.1 no LT', 'land use no LT', 'soil quality index no LT')",66.92620515978209,onshore petroleum field infrastructure construction
"('EF v3.1 no LT', 'land use no LT', 'soil quality index no LT')",49.82295826482009,"hardwood forestry, birch, sustainable forest management"
"('EF v3.1 no LT', 'land use no LT', 'soil quality index no LT')",37.95224109257206,"softwood forestry, pine, sustainable forest management"
"('EF v3.1 no LT', 'land use no LT', 'soil quality index no LT')",36.84631545514056,"softwood forestry, spruce, sustainable forest management"
"('EF v3.1 no LT', 'land use no LT', 'soil quality index no LT')",25.684905843896285,"hardwood forestry, beech, sustainable forest management"
"('EF v3.1 no LT', 'land use no LT', 'soil quality index no LT')",17.071518573198144,"softwood forestry, mixed species, sustainable forest management"
"('EF v3.1 no LT', 'land use no LT', 'soil quality index no LT')",14.525515617538778,road construction
"('EF v3.1 no LT', 'land use no LT', 'soil quality index no LT')",10.886816498901009,"chemical factory construction, organics"
"('EF v3.1 no LT', 'land use no LT', 'soil quality index no LT')",10.640565452073751,"softwood forestry, spruce, sustainable forest management"
"('EF v3.1 no LT', 'land use no LT', 'soil quality index no LT')",8.817893387450614,"softwood forestry, pine, sustainable forest management"
"('EF v3.1 no LT', 'material resources: metals/minerals no LT', 'abiotic depletion potential (ADP): elements (ultimate reserves) no LT')",0.00012078920401322846,"copper mine operation and beneficiation, sulfide ore"
"('EF v3.1 no LT', 'material resources: metals/minerals no LT', 'abiotic depletion potential (ADP): elements (ultimate reserves) no LT')",0.00010241138801560923,"copper mine operation and beneficiation, sulfide ore"
"('EF v3.1 no LT', 'material resources: metals/minerals no LT', 'abiotic depletion potential (ADP): elements (ultimate reserves) no LT')",5.024630368893322e-05,"gold mine operation and gold production, unrefined"
"('EF v3.1 no LT', 'material resources: metals/minerals no LT', 'abiotic depletion potential (ADP): elements (ultimate reserves) no LT')",3.8157014946125454e-05,"copper mine operation and beneficiation, sulfide ore"
"('EF v3.1 no LT', 'material resources: metals/minerals no LT', 'abiotic depletion potential (ADP): elements (ultimate reserves) no LT')",3.447172006815649e-05,zinc mine operation
"('EF v3.1 no LT', 'material resources: metals/minerals no LT', 'abiotic depletion potential (ADP): elements (ultimate reserves) no LT')",2.4625549361342403e-05,"copper mine operation and beneficiation, sulfide ore"
"('EF v3.1 no LT', 'material resources: metals/minerals no LT', 'abiotic depletion potential (ADP): elements (ultimate reserves) no LT')",2.431327929100664e-05,silver-gold mine operation with refinery
"('EF v3.1 no LT', 'material resources: metals/minerals no LT', 'abiotic depletion potential (ADP): elements (ultimate reserves) no LT')",1.911023914633804e-05,"copper mine operation and beneficiation, sulfide ore"
"('EF v3.1 no LT', 'material resources: metals/minerals no LT', 'abiotic depletion potential (ADP): elements (ultimate reserves) no LT')",1.877761361584849e-05,"copper mine operation and beneficiation, sulfide ore"
"('EF v3.1 no LT', 'material resources: metals/minerals no LT', 'abiotic depletion potential (ADP): elements (ultimate reserves) no LT')",1.826655763965071e-05,"copper mine operation and beneficiation, sulfide ore"
"('EF v3.1 no LT', 'ozone depletion no LT', 'ozone depletion potential (ODP) no LT')",7.600779978616643e-07,"petroleum and gas production, offshore"
"('EF v3.1 no LT', 'ozone depletion no LT', 'ozone depletion potential (ODP) no LT')",3.245250142573899e-07,"petroleum and gas production, offshore"
"('EF v3.1 no LT', 'ozone depletion no LT', 'ozone depletion potential (ODP) no LT')",2.6211580373384255e-07,"petroleum and gas production, offshore"
"('EF v3.1 no LT', 'ozone depletion no LT', 'ozone depletion potential (ODP) no LT')",2.5628891703353124e-07,"petroleum and gas production, offshore"
"('EF v3.1 no LT', 'ozone depletion no LT', 'ozone depletion potential (ODP) no LT')",2.3249307832734812e-07,"petroleum and gas production, offshore"
"('EF v3.1 no LT', 'ozone depletion no LT', 'ozone depletion potential (ODP) no LT')",1.6186608409959846e-07,"petroleum and gas production, offshore"
"('EF v3.1 no LT', 'ozone depletion no LT', 'ozone depletion potential (ODP) no LT')",1.2468869950389133e-07,"transport, pipeline, onshore, long distance, natural gas"
"('EF v3.1 no LT', 'ozone depletion no LT', 'ozone depletion potential (ODP) no LT')",1.1759913524818789e-07,"petroleum and gas production, offshore"
"('EF v3.1 no LT', 'ozone depletion no LT', 'ozone depletion potential (ODP) no LT')",9.178363421345893e-08,"petroleum and gas production, offshore"
"('EF v3.1 no LT', 'ozone depletion no LT', 'ozone depletion potential (ODP) no LT')",9.161515699840303e-08,"petroleum and gas production, offshore"
"('EF v3.1 no LT', 'particulate matter formation no LT', 'impact on human health no LT')",2.790340764805808e-07,"heavy fuel oil production, petroleum refinery operation"
"('EF v3.1 no LT', 'particulate matter formation no LT', 'impact on human health no LT')",2.5752758191625917e-07,"electricity production, hard coal, at coal mine power plant"
"('EF v3.1 no LT', 'particulate matter formation no LT', 'impact on human health no LT')",1.9948077589097746e-07,"diesel, burned in building machine"
"('EF v3.1 no LT', 'particulate matter formation no LT', 'impact on human health no LT')",7.337502785112708e-08,"heat production, at hard coal industrial furnace 1-10MW"
"('EF v3.1 no LT', 'particulate matter formation no LT', 'impact on human health no LT')",4.022113247514619e-08,blasting
"('EF v3.1 no LT', 'particulate matter formation no LT', 'impact on human health no LT')",3.774891969240109e-08,"heat and power co-generation, oil"
"('EF v3.1 no LT', 'particulate matter formation no LT', 'impact on human health no LT')",3.456506139041831e-08,"electricity production, lignite"
"('EF v3.1 no LT', 'particulate matter formation no LT', 'impact on human health no LT')",3.290922070335149e-08,"heat and power co-generation, wood chips, 6667 kW, state-of-the-art 2014"
"('EF v3.1 no LT', 'particulate matter formation no LT', 'impact on human health no LT')",2.632966182379692e-08,iron sinter production
"('EF v3.1 no LT', 'particulate matter formation no LT', 'impact on human health no LT')",2.5354576356237647e-08,"electricity production, oil"
"('EF v3.1 no LT', 'photochemical oxidant formation: human health no LT', 'tropospheric ozone concentration increase no LT')",0.21277802423942993,natural gas venting from petroleum/natural gas production
"('EF v3.1 no LT', 'photochemical oxidant formation: human health no LT', 'tropospheric ozone concentration increase no LT')",0.014725544326476447,"transport, freight, sea, tanker for petroleum"
"('EF v3.1 no LT', 'photochemical oxidant formation: human health no LT', 'tropospheric ozone concentration increase no LT')",0.013329178365287282,"electricity production, hard coal"
"('EF v3.1 no LT', 'photochemical oxidant formation: human health no LT', 'tropospheric ozone concentration increase no LT')",0.011483529834717905,"heavy fuel oil production, petroleum refinery operation"
"('EF v3.1 no LT', 'photochemical oxidant formation: human health no LT', 'tropospheric ozone concentration increase no LT')",0.009460417100431289,"diesel, burned in building machine"
"('EF v3.1 no LT', 'photochemical oxidant formation: human health no LT', 'tropospheric ozone concentration increase no LT')",0.009445975410207514,"heat and power co-generation, hard coal"
"('EF v3.1 no LT', 'photochemical oxidant formation: human health no LT', 'tropospheric ozone concentration increase no LT')",0.006291736623767613,market for petroleum
"('EF v3.1 no LT', 'photochemical oxidant formation: human health no LT', 'tropospheric ozone concentration increase no LT')",0.006099794794660406,"transport, freight, sea, bulk carrier for dry goods"
"('EF v3.1 no LT', 'photochemical oxidant formation: human health no LT', 'tropospheric ozone concentration increase no LT')",0.005336680286237949,"electricity production, lignite"
"('EF v3.1 no LT', 'photochemical oxidant formation: human health no LT', 'tropospheric ozone concentration increase no LT')",0.005163682464630918,blasting
"('EF v3.1 no LT', 'water use no LT', 'user deprivation potential (deprivation-weighted water consumption) no LT')",48.62559636872886,"industrial gases production, cryogenic air separation"
"('EF v3.1 no LT', 'water use no LT', 'user deprivation potential (deprivation-weighted water consumption) no LT')",12.15156494054082,"electricity production, hydro, reservoir, alpine region"
"('EF v3.1 no LT', 'water use no LT', 'user deprivation potential (deprivation-weighted water consumption) no LT')",2.992793370643879,carbon monoxide production
"('EF v3.1 no LT', 'water use no LT', 'user deprivation potential (deprivation-weighted water consumption) no LT')",2.8340993176206237,"electricity production, nuclear, pressure water reactor"
"('EF v3.1 no LT', 'water use no LT', 'user deprivation potential (deprivation-weighted water consumption) no LT')",2.542976331620345,"electricity production, hydro, reservoir, alpine region"
"('EF v3.1 no LT', 'water use no LT', 'user deprivation potential (deprivation-weighted water consumption) no LT')",1.4709601601104785,"heat and power co-generation, lignite"
"('EF v3.1 no LT', 'water use no LT', 'user deprivation potential (deprivation-weighted water consumption) no LT')",1.2497170400858812,"electricity production, hydro, reservoir, non-alpine region"
"('EF v3.1 no LT', 'water use no LT', 'user deprivation potential (deprivation-weighted water consumption) no LT')",1.1507091339045532,"electricity production, nuclear, pressure water reactor, heavy water moderated"
"('EF v3.1 no LT', 'water use no LT', 'user deprivation potential (deprivation-weighted water consumption) no LT')",1.1485444334751425,"electricity production, hydro, reservoir, non-alpine region"
"('EF v3.1 no LT', 'water use no LT', 'user deprivation potential (deprivation-weighted water consumption) no LT')",1.0054285797872438,"electricity production, hydro, reservoir, alpine region"
